Date,btc,nasdaq,btc_vol,fed_rate
2015-01-31,217.4640045,4635.240234,1.482537873,0.11
2015-02-28,254.2630005,4963.529785,0.7272386263,0.11
2015-03-31,244.223999,4900.879883,0.644011441,0.11
2015-04-30,236.1450043,4941.419922,0.4634590542,0.12
2015-05-31,230.1900024,5070.029785,0.2666669096,0.12
2015-06-30,263.071991,4986.870117,0.3295409828,0.13
2015-07-31,284.6499939,5128.279785,0.4788873247,0.13
2015-08-31,230.0559998,4776.509766,0.8897454111,0.14
2015-09-30,236.0599976,4620.160156,0.2478179688,0.14
2015-10-31,314.1659851,5053.75,0.3698773287,0.12
2015-11-30,377.3210144,5108.669922,0.9450976798,0.12
2015-12-31,430.5669861,5007.410156,0.6196333576,0.24
2016-01-31,368.7669983,4613.950195,0.8477382676,0.34
2016-02-29,437.696991,4557.950195,0.3705877535,0.38
2016-03-31,416.7290039,4869.850098,0.2555781408,0.36
2016-04-30,448.3179932,4775.359863,0.2349850547,0.37
2016-05-31,531.3859863,4948.049805,0.4686742421,0.37
2016-06-30,673.3369751,4842.669922,0.9147062627,0.38
2016-07-31,624.6810303,5162.129883,0.4743904563,0.39
2016-08-31,575.4719849,5213.220215,0.4255284395,0.4
2016-09-30,609.7349854,5312,0.2172059172,0.4
2016-10-31,700.9719849,5189.140137,0.25863278,0.4
2016-11-30,745.690979,5323.680176,0.3966274859,0.41
2016-12-31,963.742981,5383.120117,0.367439596,0.54
2017-01-31,970.4030151,5614.790039,1.011425257,0.65
2017-02-28,1179.969971,5825.439941,0.4164648922,0.66
2017-03-31,1071.790039,5911.740234,0.9464004358,0.79
2017-04-30,1347.890015,6047.609863,0.3103756415,0.9
2017-05-31,2286.409912,6198.52002,0.8086836372,0.91
2017-06-30,2480.840088,6140.419922,0.793036767,1.04
2017-07-31,2875.340088,6348.120117,1.189384652,1.15
2017-08-31,4703.390137,6428.660156,0.6768749374,1.16
2017-09-30,4338.709961,6495.959961,1.266966341,1.15
2017-10-31,6468.399902,6727.669922,0.6761102771,1.15
2017-11-30,10233.59961,6873.970215,0.8501719464,1.16
2017-12-31,14156.40039,6903.390137,1.625984052,1.3
2018-01-31,10221.09961,7411.47998,1.267446821,1.41
2018-02-28,10397.90039,7273.009766,1.376309148,1.42
2018-03-31,6973.529785,7063.450195,0.8427199905,1.51
2018-04-30,9240.549805,7066.27002,0.8558028418,1.69
2018-05-31,7494.169922,7442.120117,0.5419272072,1.7
2018-06-30,6404,7510.299805,0.6850926577,1.82
2018-07-31,7780.439941,7671.790039,0.6259390096,1.91
2018-08-31,7037.580078,8109.540039,0.5359923286,1.91
2018-09-30,6625.560059,8046.350098,0.4465568796,1.95
2018-10-31,6317.609863,7305.899902,0.2762262444,2.19
2018-11-30,4017.268555,7330.540039,0.9444188433,2.2
2018-12-31,3742.700439,6635.279785,0.8438258781,2.27
2019-01-31,3457.792725,7281.740234,0.4956022161,2.4
2019-02-28,3854.7854,7532.529785,0.4977292901,2.4
2019-03-31,4105.404297,7729.319824,0.2237275585,2.41
2019-04-30,5350.726562,8095.390137,0.6646661939,2.42
2019-05-31,8574.501953,7453.149902,0.8774862712,2.39
2019-06-30,10817.15527,8006.240234,1.034261704,2.38
2019-07-31,10085.62793,8175.419922,1.015356631,2.4
2019-08-31,9630.664062,7962.879883,0.6334695484,2.13
2019-09-30,8293.868164,7999.339844,0.5616038994,2.04
2019-10-31,9199.584961,8292.360352,0.7111945931,1.83
2019-11-30,7569.629883,8665.469727,0.4742166672,1.55
2019-12-31,7193.599121,8972.599609,0.4615447133,1.55
2020-01-31,9350.529297,9150.94043,0.5370414442,1.55
2020-02-29,8599.508789,8567.370117,0.485237584,1.58
2020-03-31,6438.644531,7700.100098,1.964880709,0.65
2020-04-30,8658.553711,8889.549805,0.6668869711,0.05
2020-05-31,9461.058594,9489.870117,0.6496214859,0.05
2020-06-30,9137.993164,10058.76953,0.4640740825,0.08
2020-07-31,11323.4668,10745.26953,0.4184428937,0.09
2020-08-31,11680.82031,11775.45996,0.4226023044,0.1
2020-09-30,10784.49121,11167.50977,0.5572578817,0.09
2020-10-31,13780.99512,10911.58984,0.3541998744,0.09
2020-11-30,19625.83594,12198.74023,0.6908184248,0.09
2020-12-31,29001.7207,12888.28027,0.6125893164,0.09
2021-01-31,33114.35938,13070.69043,1.082175846,0.09
2021-02-28,45137.76953,13192.34961,0.9589318256,0.08
2021-03-31,58918.83203,13246.87012,0.6238208349,0.07
2021-04-30,57750.17578,13962.67969,0.6810783527,0.07
2021-05-31,37332.85547,13748.74023,1.145260238,0.06
2021-06-30,35040.83594,14503.9502,0.9838817839,0.08
2021-07-31,41626.19531,14672.67969,0.5732716825,0.1
2021-08-31,47166.6875,15259.24023,0.6135668742,0.09
2021-09-30,43790.89453,14448.58008,0.770441031,0.08
2021-10-31,61318.95703,15498.38965,0.6001551551,0.08
2021-11-30,57005.42578,15537.69043,0.5856684174,0.08
2021-12-31,46306.44531,15644.96973,0.6427555425,0.08
2022-01-31,38483.125,14239.87988,0.5344775951,0.08
2022-02-28,43193.23438,13751.40039,0.8091978211,0.08
2022-03-31,45538.67578,14220.51953,0.6276642192,0.2
2022-04-30,37714.875,12334.63965,0.4895495655,0.33
2022-05-31,31792.31055,12081.38965,0.8091314038,0.77
2022-06-30,19784.72656,11028.74023,0.9034754722,1.21
2022-07-31,23336.89648,12390.69043,0.6211194776,1.68
2022-08-31,20049.76367,11816.2002,0.5372637954,2.33
2022-09-30,19431.78906,10575.62012,0.627074362,2.56
2022-10-31,20495.77344,10988.15039,0.3199889244,3.08
2022-11-30,17168.56641,11468,0.8333862093,3.78
2022-12-31,16547.49609,10466.48047,0.2823428462,4.1
2023-01-31,23139.2832,11584.5498,0.4444963442,4.33
2023-02-28,23147.35352,11455.54004,0.4962258035,4.57
2023-03-31,28478.48438,12221.91016,0.6881694699,4.65
2023-04-30,29268.80664,12226.58008,0.391262583,4.83
2023-05-31,27219.6582,12935.29004,0.3183703685,5.06
2023-06-30,30477.25195,13787.91992,0.4749176645,5.08
2023-07-31,29230.11133,14346.01953,0.2540732244,5.12
2023-08-31,25931.47266,14034.96973,0.4115386432,5.33
2023-09-30,26967.91602,13219.32031,0.2233007674,5.33
2023-10-31,34667.78125,12851.24023,0.4328146278,5.33
2023-11-30,37712.74609,14226.21973,0.4231058041,5.33
2023-12-31,42265.1875,15011.34961,0.4463429492,5.33
2024-01-31,42582.60547,15164.00977,0.5382651722,5.33
2024-02-29,61198.38281,16091.91992,0.4587613237,5.33
2024-03-31,71333.64844,16379.45996,0.7575308248,5.33
2024-04-30,60636.85547,15657.82031,0.53860947,5.33
2024-05-31,67491.41406,16735.01953,0.5240615165,5.33
2024-06-30,62678.29297,17732.59961,0.3284592705,5.33
2024-07-31,64619.25,17599.40039,0.4801236755,5.33
2024-08-31,58969.89844,17713.61914,0.7033544734,5.33
2024-09-30,63329.5,18189.16992,0.4288683339,5.13
2024-10-31,70215.1875,18095.15039,0.3655888948,4.83
2024-11-30,96449.05469,19218.16992,0.605006735,4.64
2024-12-31,93429.20312,19310.78906,0.4542807469,4.48
2025-01-31,102405.0234,19627.43945,0.4431178949,4.33
2025-02-28,84704.22656,18544.41992,0.3980909664,4.33
